snapshot_date,referrer,count,uniques
2026-08-31,archflowai.dev,1,1
2026-08-31,github.com,39,11
2026-08-31,linkedin.com,2,2
2026-08-31,t.co,1,1
2026-08-31,youtube.com,1,1
2026-09-01,archflowai.dev,4,1
2026-09-01,com.linkedin.android,2,2
2026-09-01,github.com,43,12
2026-09-01,linkedin.com,3,3
2026-09-01,t.co,1,1
2026-09-01,youtube.com,1,1
2026-09-02,archflowai.dev,4,1
2026-09-02,com.linkedin.android,2,2
2026-09-02,github.com,28,8
2026-09-02,linkedin.com,3,3
2026-09-02,t.co,1,1
2026-09-02,youtube.com,1,1
2026-09-03,archflowai.dev,5,2
2026-09-03,com.linkedin.android,2,2
2026-09-03,github.com,26,7
2026-09-03,linkedin.com,3,3
2026-09-03,youtube.com,1,1
2026-09-04,archflowai.dev,5,2
2026-09-04,com.linkedin.android,2,2
2026-09-04,github.com,24,7
2026-09-04,linkedin.com,3,3
2026-09-05,archflowai.dev,5,2
2026-09-05,com.linkedin.android,2,2
2026-09-05,github.com,20,7
2026-09-05,linkedin.com,3,3
2026-09-06,archflowai.dev,5,2
2026-09-06,com.linkedin.android,2,2
2026-09-06,github.com,24,6
2026-09-06,linkedin.com,3,3
2026-09-07,archflowai.dev,5,2
2026-09-07,com.linkedin.android,2,2
2026-09-07,github.com,24,6
2026-09-07,linkedin.com,3,3
2026-09-08,archflowai.dev,12,4
2026-09-08,com.linkedin.android,2,2
2026-09-08,github.com,31,9
2026-09-08,linkedin.com,2,2
2026-09-09,archflowai.dev,12,4
2026-09-09,com.linkedin.android,2,2
2026-09-09,github.com,31,9
2026-09-09,linkedin.com,2,2
2026-09-10,archflowai.dev,12,4
2026-09-10,com.linkedin.android,2,2
2026-09-10,github.com,35,7
2026-09-10,linkedin.com,1,1
2026-09-11,archflowai.dev,12,4
2026-09-11,com.linkedin.android,2,2
2026-09-11,github.com,42,7
2026-09-11,linkedin.com,1,1
2026-09-12,archflowai.dev,13,5
2026-09-12,com.linkedin.android,2,2
2026-09-12,github.com,47,9
2026-09-12,linkedin.com,1,1
2026-09-13,archflowai.dev,16,8
2026-09-13,com.linkedin.android,2,2
2026-09-13,github.com,56,11
2026-09-13,linkedin.com,1,1
2026-09-14,archflowai.dev,15,8
2026-09-14,com.linkedin.android,2,2
2026-09-14,github.com,58,13
2026-09-14,linkedin.com,1,1
2026-09-15,archflowai.dev,12,7
2026-09-15,github.com,55,13
2026-09-16,archflowai.dev,12,7
2026-09-16,github.com,63,14
2026-09-17,archflowai.dev,12,7
2026-09-17,github.com,63,14
2026-09-18,archflowai.dev,14,8
2026-09-18,github.com,65,14
2026-09-18,linkedin.com,1,1
2026-09-18,t.co,1,1
2026-09-19,archflowai.dev,15,9
2026-09-19,github.com,65,14
2026-09-19,linkedin.com,1,1
2026-09-19,t.co,1,1
2026-09-20,archflowai.dev,20,10
2026-09-20,github.com,61,15
2026-09-20,linkedin.com,1,1
2026-09-20,t.co,1,1
2026-09-21,archflowai.dev,18,9
2026-09-21,github.com,56,14
2026-09-21,linkedin.com,1,1
2026-09-21,t.co,1,1
2026-09-22,archflowai.dev,15,8
2026-09-22,github.com,56,12
2026-09-22,linkedin.com,1,1
2026-09-22,t.co,1,1
2026-09-23,archflowai.dev,18,8
2026-09-23,github.com,54,14
2026-09-23,linkedin.com,2,2
2026-09-23,t.co,1,1
2026-09-24,archflowai.dev,19,9
2026-09-24,github.com,47,13
2026-09-24,linkedin.com,2,2
2026-09-24,t.co,1,1
2026-09-25,archflowai.dev,19,9
2026-09-25,github.com,47,13
2026-09-25,linkedin.com,2,2
2026-09-25,t.co,1,1
2026-09-26,archflowai.dev,19,9
2026-09-26,github.com,47,13
2026-09-26,linkedin.com,2,2
2026-09-26,t.co,1,1
